{"cameraMode":{"drawMode":0,"name":"Shaded","section":"Shading Mode"},"sceneLighting":true,"audioPlay":false,"sceneViewState":{"m_AlwaysRefresh":false,"showFog":true,"showSkybox":true,"showFlares":true,"showImageEffects":true,"showParticleSystems":true,"showVisualEffectGraphs":true,"m_FxEnabled":true},"in2DMode":false,"pivot":{"x":5.416431427001953,"y":-2.039053440093994,"z":-28.536954879760743},"rotation":{"x":0.016392190009355546,"y":-0.9762136340141296,"z":0.07954873144626618,"w":0.20104636251926423},"size":19.817882537841798,"orthographic":false}